,created_at,likes,retweets,source,text
0,2019-10-29 20:54:45,5475.0,947.0,Twitter for iPhone,I would like to particularly thank His Majesty @KingSalman and His Royal Highness the Crown Prince for their hospitтАж https://t.co/QIjiaWQx5Z
1,2019-10-29 20:54:34,7422.0,1163.0,Twitter for iPhone,I am extremely grateful to the people and Government of Saudi Arabia for their excellent hospitality. I am honouredтАж https://t.co/xuW95TF8bU
2,2019-10-29 20:52:32,4482.0,744.0,Twitter for iPhone,"╪г╪┤╪╣╪▒ ╪и╪з┘Е╪к┘Ж╪з┘Ж ┘Г╪и┘К╪▒ ┘Д┘Д╪│╪╣┘И╪п┘К╪й ╪┤╪╣╪и╪з ┘И╪н┘Г┘И┘Е╪й 
┘Д┘Г╪▒┘Е ╪з┘Д╪╢┘К╪з┘Б╪й.╪к╪┤╪▒┘Б╪к ╪и╪г┘Ж ╪│┘Ж╪н╪к ┘Д┘К ╪з┘Д┘Б╪▒╪╡╪й ┘Д╪е┘Д┘В╪з╪б ╪о╪╖╪з╪и ╪г┘Е╪з┘Е FIIKSA@  . ┘И┘Г╪з┘Ж ╪з┘Д╪к┘ИтАж https://t.co/kqJuQ8AcKe"
3,2019-10-29 19:01:53,7744.0,1367.0,Twitter for iPhone,It is always a delight to meet His Royal Highness Prince Mohammed bin Salman bin Abdulaziz. His vision for Saudi ArтАж https://t.co/GXNYT7Ho5o
4,2019-10-29 19:00:07,5351.0,1160.0,Twitter for iPhone,╪г╪│╪╣╪п ╪п┘И┘Е╪з ╪и┘Д┘В╪з╪б ╪╡╪з╪н╪и ╪з┘Д╪│┘Е┘И ╪з┘Д┘Е┘Д┘Г┘К ╪з┘Д╪г┘Е┘К╪▒ ┘Е╪н┘Е╪п ╪и┘Ж ╪│┘Д┘Е╪з┘Ж ╪и┘Ж ╪╣╪и╪п╪з┘Д╪╣╪▓┘К╪▓. ┘К┘Е╪к┘Д┘Г ╪▒╪д┘К╪й ┘Е╪к┘Е┘К╪▓╪й ┘Д┘Д┘Е┘Д┘Г╪й ╪з┘Д╪╣╪▒╪и┘К╪й ╪з┘Д╪│╪╣┘И╪п┘К╪й.╪╣┘В╪п┘ЖтАж https://t.co/PqsoQc44vN
5,2019-10-29 18:58:38,3781.0,786.0,Twitter for iPhone,Honoured to have addressed the @FIIKSA. Here are some pictures from the evening. https://t.co/FWhUIUHoJ5
6,2019-10-29 18:56:02,13973.0,2631.0,Twitter Media Studio,"India has:

Political stability. 

Predictable policies. 

Diverse markets. 

This is a great time to invest and doтАж https://t.co/l9Qo3wU4EM"
7,2019-10-29 18:55:24,4552.0,979.0,Twitter Media Studio,The need of the hour today- compassion towards the environment. https://t.co/9VuW61XJqs
8,2019-10-29 18:54:52,4190.0,920.0,Twitter Media Studio,"Infrastructure is an opportunity multiplier. 

We in India are leaving no stone unturned to build next-generation iтАж https://t.co/6IEZlC6SFR"
9,2019-10-29 18:54:27,4460.0,956.0,Twitter Media Studio,Five trends that will influence global business in the 21st century. https://t.co/brUZWhTTp2
10,2019-10-29 16:40:36,9380.0,1600.0,Twitter for iPhone,Called on His Majesty @KingSalman. He is one of the most widely respected leaders. We discussed multiple aspects reтАж https://t.co/GpSKuzSzcB
11,2019-10-29 16:35:13,11318.0,2049.0,Twitter for iPhone,╪з┘Д╪к┘В┘К╪к ╪и╪╡╪з╪н╪и ╪з┘Д╪м┘Д╪з┘Д╪й KingSalman@. ╪е┘Ж┘З ╪г╪н╪п ╪г┘Г╪л╪▒ ╪з┘Д┘В╪з╪п╪й ╪з╪н╪к╪▒╪з┘Е╪з ╪╣┘Д┘Й ┘Е╪│╪к┘И┘Й ┘И╪з╪│╪╣.┘Ж╪з┘В╪┤┘Ж╪з ┘Е╪о╪к┘Д┘Б ╪з┘Д┘Ж┘И╪з╪н┘К ╪з┘Д┘Е╪▒╪к╪и╪╖╪й ╪и╪п╪╣┘Е ╪з┘Д╪ктАж https://t.co/ES0bjc2AgY
12,2019-10-29 16:25:37,6413.0,1157.0,Twitter for iPhone,"Interacted with HE Ahmad Bin Salman Al Rajhi, Saudi ArabiaтАЩs Minister of Labour and Social Development. A wide rangтАж https://t.co/TRu0ViwPFK"
13,2019-10-29 16:22:32,5071.0,861.0,Twitter for iPhone,"╪╣┘В╪п╪к ┘Д┘В╪з╪б ┘Е╪╣ ╪│╪╣╪з╪п╪й ┘И╪▓┘К╪▒ ╪з┘Д┘В┘И┘Й ╪з┘Д╪╣╪з┘Е┘Д╪й 
┘И╪з┘Д╪к┘Ж┘Е┘К╪й ╪з┘Д╪з╪м╪к┘Е╪з╪╣┘К╪й ╪з┘Д╪│╪╣┘И╪п┘К ╪г╪н┘Е╪п ╪и┘Ж ╪│┘Д┘Е╪з┘Ж ╪з┘Д╪▒╪з╪м╪н┘К. ╪к┘Ж╪з┘И┘Д┘Ж╪з ╪о┘Д╪з┘Д ╪з┘Д┘Д┘В╪з╪б ╪╣╪п╪п ┘ГтАж https://t.co/rV3G5oiNDJ"
14,2019-10-29 15:07:59,11728.0,2723.0,Periscope,Speaking at @FIIKSA in Riyadh. Watch. https://t.co/IJwikcnX6L
15,2019-10-29 14:05:42,11124.0,1755.0,Twitter for iPhone,"Adding even more energy to the India-Saudi Arabia friendship. 

I had an excellent meeting with HRH Prince AbdulaziтАж https://t.co/sE17I4HosI"
16,2019-10-29 14:04:45,10358.0,1425.0,Twitter for iPhone,"╪│┘И┘Б ╪к╪│╪з┘З┘Е ╪з┘Д╪▓┘К╪з╪▒╪й ┘Б┘К ╪п╪╣┘Е ╪г┘И╪з╪╡╪▒  ╪з┘Д╪╡╪п╪з┘В╪й 
╪и┘К┘Ж ╪з┘Д┘З┘Ж╪п ┘И╪з┘Д╪│╪╣┘И╪п┘К╪й. 

╪╣┘В╪п╪к ╪з╪м╪к┘Е╪з╪╣╪з ┘Е╪к┘Е┘К╪▓╪з ┘Е╪╣ ╪╡╪з╪н╪и ╪з┘Д╪│┘Е┘И ╪з┘Д┘Е┘Д┘Г┘К ╪з┘Д╪г┘Е┘К╪▒ ╪╣╪и╪птАж https://t.co/8jhZfJsIq5"
17,2019-10-29 13:43:43,7759.0,1377.0,Twitter for iPhone,"Wonderful meeting with HE @AlfadleyA, Minister of Environment, Water and Agriculture. These are sectors in which thтАж https://t.co/OXh4S37H3l"
18,2019-10-29 13:41:55,5256.0,908.0,Twitter for iPhone,"╪╣┘В╪п╪к ┘Д┘В╪з╪б ╪▒╪з╪ж╪╣ ┘Е╪╣ ╪│╪╣╪з╪п╪й ┘И╪▓┘К╪▒ ╪з┘Д╪и┘К╪ж╪й ┘И ╪з┘Д┘Е┘К╪з┘З 
 @AlfadleyA ┘И╪з┘Д╪▓╪▒╪з╪╣╪й  

.┘З┘Ж╪з┘Г ╪з┘Д┘Е╪▓┘К╪п ┘Е┘Ж ┘Б╪▒╪╡ ╪з┘Д╪к╪╣╪з┘И┘Ж ╪з┘Д┘Е╪┤╪к╪▒┘Г ┘Б┘К ┘З╪░┘З ╪з┘ДтАж https://t.co/C56Uw6WCZK"
19,2019-10-29 13:15:08,13082.0,1851.0,Twitter for iPhone,Excellent meeting with His Majesty @KingAbdullahII in Riyadh. We discussed the full range of relations between IndiтАж https://t.co/ntm9VY6kA2
20,2019-10-29 13:14:02,9371.0,1259.0,Twitter for iPhone,┘Д┘В╪з╪б ┘Е┘Е╪к╪з╪▓ ┘Е╪╣ ╪╡╪з╪н╪и ╪з┘Д╪м┘Д╪з┘Д╪й KingAbdullahII@ ┘Б┘К ╪з┘Д╪▒┘К╪з╪╢.┘Ж╪з┘В╪┤┘Ж╪з ┘Е╪о╪к┘Д┘Б ╪г┘И╪м┘З ╪з┘Д╪к╪╣╪з┘И┘Ж ╪и┘К┘Ж ╪з┘Д┘З┘Ж╪п ┘И╪з┘Д╪г╪▒╪п┘Ж. https://t.co/2779r7PvcG
21,2019-10-29 07:31:30,21067.0,3427.0,Twitter for iPhone,"Sharing my interview with @arabnews, where I spoke about robust ties between India and Saudi Arabia, the reform traтАж https://t.co/x2IkzKzDN9"
22,2019-10-29 05:59:32,48588.0,5845.0,Twitter for iPhone,рднрд╛рдИ-рдмрд╣рди рдХреЗ рд╕реНрдиреЗрд╣ рдФрд░ рдкреНрдпрд╛рд░ рдХреЗ рдкреНрд░рддреАрдХ рдкрд░реНрд╡ рднрд╛рдИ рджреВрдЬ рдкрд░ рдЖрдк рд╕рднреА рдХреЛ рдмрд╣реБрдд-рдмрд╣реБрдд рдмрдзрд╛рдИред рдпрд╣ рдкрд╛рд╡рди-рдкреБрдиреАрдд рдЕрд╡рд╕рд░ рдЖрдкрд╕реА рд░рд┐рд╢реНрддреЛрдВ рдХреЛ рдФрд░ рдкреНрд░рдЧрд╛рдврд╝ рдХрд░реЗред
23,2019-10-28 20:36:23,27924.0,3711.0,Twitter for iPhone,"Landed in the Kingdom of Saudi Arabia, marking the start of an important visit aimed at strengthening ties with a vтАж https://t.co/SNzryJzmIS"
24,2019-10-28 20:35:00,49445.0,9500.0,Twitter for iPhone,┘И╪╡┘Д╪к ╪е┘Д┘Й ╪з┘Д┘Е┘Е┘Д┘Г╪й ╪з┘Д╪╣╪▒╪и┘К╪й ╪з┘Д╪│╪╣┘И╪п┘К╪й ┘Б┘К ┘Е╪│╪к┘З┘Д ╪▓┘К╪з╪▒╪й ┘З╪з┘Е╪й ╪к┘З╪п┘Б ╪е┘Д┘Й ╪к╪╣╪▓┘К╪▓ ╪з┘Д╪╣┘Д╪з┘В╪з╪к ┘Е╪╣ ╪п┘И┘Д╪й ╪╡╪п┘К┘В╪й ┘Ж╪╣╪к╪▓ ╪и┘З╪з ┘Г╪л┘К╪▒╪з. ╪│┘И┘Б ╪з┘Ж╪отАж https://t.co/li39GHKLMr
25,2019-10-28 14:27:21,8068.0,1477.0,Twitter for iPhone,"YesterdayтАЩs #MannKiBaat covered topics such as festival tourism, Sardar PatelтАЩs contribution, one year of the тАШStatтАж https://t.co/25xmNnKOuL"
26,2019-10-28 14:24:49,23687.0,3773.0,Twitter for iPhone,PM @BorisJohnson wonderfully explains the essence of Diwali. I fully agree that Diwali brings all of us together. AтАж https://t.co/pgpcYsFINI
27,2019-10-28 14:22:01,38279.0,4575.0,Twitter for iPhone,"My dear friend Bibi, thank you for the Diwali greetings. Greetings to you as well. @netanyahu https://t.co/Ym9sHASxCX"
28,2019-10-28 14:21:29,23402.0,3570.0,Twitter for iPhone,"As always, @POTUS @realDonaldTrump marks Diwali with great enthusiasm. SeasonтАЩs greetings to him. 

May there alwayтАж https://t.co/vCjjU0I7Hv"
29,2019-10-28 14:20:49,8599.0,1374.0,Twitter for iPhone,"Thoughtful greetings by PM @JustinTrudeau. 

May the special occasions of Diwali and Bandi Chhor Divas bring happinтАж https://t.co/gDN8mwHJWx"
30,2019-10-28 14:19:01,14583.0,1851.0,Twitter for iPhone,Grateful for the wishes @PresidentRuvi. May this festive season further the spirit of harmony and happiness. https://t.co/KkLLDT1Bc0
31,2019-10-28 14:18:18,13486.0,1910.0,Twitter for iPhone,"Very well said, PM @leehsienloong!

I am sure the wonderful people of Singapore celebrated this festival with gusto. https://t.co/FyQwPJs72B"
32,2019-10-28 14:17:31,12033.0,1489.0,Twitter for iPhone,"Greetings to you as well, @VP Pence. https://t.co/rmGvT6scaA"
33,2019-10-28 12:47:53,14429.0,2175.0,Twitter Web App,"Fruitful interactions with MPs from the European Parliament. We exchanged views on boosting India-EU ties, the needтАж https://t.co/gOgxjIkLip"
34,2019-10-28 11:47:51,9903.0,1592.0,Twitter Web App,"Saudi Arabia and India are working together in a wide range of sectors notably energy, security, trade and culture.тАж https://t.co/OP8bfHgrLZ"
35,2019-10-28 11:47:50,29011.0,3669.0,Twitter Web App,"I will be visiting the Kingdom of Saudi Arabia on the 29th, where I will be a part of various programmes includingтАж https://t.co/sNhC3JHBX1"
36,2019-10-28 11:27:08,8628.0,2133.0,Twitter Web App,@EPSTamilNadu @CMOTamilNadu родрпБрогро┐роЪрпНроЪро▓рпБроорпН ро╡рпАро░роорпБроорпН рооро┐роХрпНроХ роЪро┐ро▒рпБро╡ройрпН роЪрпБроЬро┐родрпН ро╡ро┐ро▓рпНроЪройрпБроХрпНроХро╛роХ  рокро┐ро░ро╛ро░рпНродрпНродро┐роХрпНроХро┐ро▒рпЗройрпН.роЪрпБроЬро┐родрпНродрпИрокрпН роктАж https://t.co/glR3kynm7f
37,2019-10-28 10:12:39,31708.0,5271.0,Twitter for iPhone,My prayers are with the young and brave Sujith Wilson. Spoke to CM @EPSTamilNadu regarding the rescue efforts underтАж https://t.co/npssHcwfLE
38,2019-10-28 02:27:36,32300.0,4439.0,Twitter for iPhone,"ркЖркЬркерлА рккрлНрк░рк╛рк░ркВркн ркеркдрлБркВ ркирк╡рлБркВ рк╡рк░рлНрк╖ ркЖркк рк╕рк░рлНрк╡рлЗ ркорк╛ркЯрлЗ ркЖркиркВркжркжрк╛ркпрлА ркЕркирлЗ ркЖрк░рлЛркЧрлНркпркоркп ркмркирлА рк░рк╣рлЗ ркдрлЗрк╡рлА рккрлНрк░рк╛рк░рлНркеркирк╛. ркЖркк рк╕рлМркирлА ркЦрлБрк╢рлА ркЕркирлЗ 
рк╕ркорлГркжрлНркзрк┐ркирлА ркоркирлЛркХрк╛ркоркирк╛ рк╕рк╛ркерлЗ рк╕рк╛рк▓ркорлБркмрк╛рк░ркХ!"
39,2019-10-27 16:29:08,24669.0,2570.0,Twitter for iPhone,Met Shri Pranab Mukherjee and wished him on the special occasion of #Diwali. @CitiznMukherjee https://t.co/RQyTiYEOzG
40,2019-10-27 16:27:33,15953.0,1737.0,Twitter for iPhone,Wished Honourable Vice President Shri @MVenkaiahNaidu Garu on #Diwali. @VPSecretariat https://t.co/UJKTTTOoR8
41,2019-10-27 16:25:09,33465.0,2920.0,Twitter for iPhone,Called on Rashtrapati Ji and conveyed #Diwali greetings to him. @rashtrapatibhvn https://t.co/xVKWkt5pJC
42,2019-10-27 12:21:47,15478.0,2093.0,Twitter for iPhone,Anguished by the passing away of Shri Kamal Sharma Ji. He made noteworthy efforts to strengthen our Party in PunjabтАж https://t.co/fwYNrBrMbS
43,2019-10-27 11:22:25,136053.0,22761.0,Twitter Media Studio,#Diwali is sweeter when celebrated with our brave soldiers. https://t.co/skO2SfcwJ3
44,2019-10-27 11:21:29,18424.0,3158.0,Twitter for iPhone,"On the way back from Rajouri, also interacted with air warriors and personnel of the army at Pathankot Air Force StтАж https://t.co/H3BRxnAuBf"
45,2019-10-27 11:15:49,25850.0,4315.0,Twitter for iPhone,Anecdotes about the courage of our soldiers are widely shared but do you also know about the stupendous efforts ofтАж https://t.co/CotFXkUDZG
46,2019-10-27 11:12:41,22274.0,4036.0,Twitter for iPhone,"While interacting with our soldiers, I thanked them on behalf of the people of India for their monumental service.тАж https://t.co/5H22h9DAFP"
47,2019-10-27 11:09:06,47056.0,7217.0,Twitter for iPhone,"Celebrated #Diwali with the brave soldiers of the Indian Army in Rajouri, Jammu and Kashmir. 

It is always a matteтАж https://t.co/AYVYG9k6qz"
48,2019-10-27 09:52:16,20421.0,2682.0,Twitter for iPhone,"Congratulations to @mlkhattar Ji and @Dchautala on taking oath as CM and Deputy CM of Haryana. 

Best wishes to theтАж https://t.co/tZSYAtr7zV"
49,2019-10-27 09:19:00,15780.0,2835.0,Twitter Media Studio,"I canтАЩt ever forget the day the Allahabad High Court delivered the Shri Ram Janmabhoomi verdict in 2010. 

The wayтАж https://t.co/j737ZgAUHe"
50,2019-10-27 09:17:38,9176.0,1768.0,Twitter Media Studio,"On the 31st of October, India will once again run for unity. 

I call upon all of you, especially my young friendsтАж https://t.co/AByeeVMeTW"
51,2019-10-27 09:16:49,10170.0,1859.0,Twitter Media Studio,"This year, the тАШStatue of UnityтАЩ completes a year. A tribute to Sardar Patel, it is also emerging as one of the worтАж https://t.co/cLYjhdXFxL"
52,2019-10-27 09:14:07,8999.0,1827.0,Twitter Media Studio,"Two interesting anecdotes from Sardar PatelтАЩs life:

His role in ensuring Lakshadweep remains an integral part of IтАж https://t.co/FTiydfKDO0"
53,2019-10-27 09:11:48,8188.0,1617.0,Twitter Media Studio,"During #MannKiBaat today, we paid tributes to Sri Guru Nanak Dev Ji. His thoughts give strength to millions acrossтАж https://t.co/Ch36ExTg0b"
54,2019-10-27 09:11:07,7356.0,1467.0,Twitter Media Studio,"Let us keep celebrating #BharatKiLaxmi. 

In the classroom and sports,

In spheres of art, music and culture,

In bтАж https://t.co/1aV5MxtmjQ"
55,2019-10-27 05:29:53,24000.0,4236.0,Periscope,Hope youтАЩre having a great #Diwali. Join todayтАЩs #MannKiBaat. https://t.co/CScutFXYyW
56,2019-10-27 04:02:26,28005.0,3604.0,Twitter for iPhone,"On Infantry Day, greetings to our valorous infantrymen. Our infantry personifies diligence and bravery. Every IndiaтАж https://t.co/jfdJBwMUZF"
57,2019-10-27 02:21:17,49392.0,8408.0,Twitter for iPhone,рджреЗрд╢рд╡рд╛рд╕рд┐рдпреЛрдВ рдХреЛ рджреАрдкрд╛рд╡рд▓реА рдХреЗ рдкрд╛рд╡рди рдЕрд╡рд╕рд░ рдкрд░ рдмрд╣реБрдд-рдмрд╣реБрдд рд╢реБрднрдХрд╛рдордирд╛рдПрдВред рд░реЛрд╢рдиреА рдХрд╛ рдпрд╣ рдЙрддреНрд╕рд╡ рд╣рдо рд╕рднреА рдХреЗ рдЬреАрд╡рди рдореЗрдВ рдирдпрд╛ рдкреНрд░рдХрд╛рд╢ рд▓реЗрдХрд░ рдЖрдПтАж https://t.co/UvicIHJsob
58,2019-10-26 15:04:11,19183.0,2604.0,Twitter for iPhone,Do join tomorrow at 11 AM. #MannKiBaat. https://t.co/7fk7bBX8bL
59,2019-10-26 15:03:42,12345.0,1835.0,Twitter for iPhone,"Attended the 5th edition of the  #NITILecture series. 

Heard the insightful views of Mr. @DavidMalpassWBG, PresideтАж https://t.co/fUPaqRVn1K"
60,2019-10-25 14:37:27,15614.0,2843.0,Twitter Web App,"Lovely video.

When my good friend and the PM of Australia @ScottMorrisonMP personally invites, I am sure many moreтАж https://t.co/yFOrZxTOKN"
61,2019-10-25 14:32:15,2681.0,543.0,Twitter Web App,р╜Др╜ар╜▓р╝Мр╜вр╛Тр╛▒р╝Мр╜Вр╜вр╝Мр╜Вр╛▒р╜▓р╝Мр╜ар╜Ыр╜╝р╜Шр╝Мр╜вр╝Мр╜Вр╜╝р╜Др╝Мр╜ар╜╝р╜Вр╝Мр╜Вр╜▓р╝Мр╜Вр╛▓р╜╝р╜жр╝Мр╜Рр╜Вр╝Мр╜Цр╜Ер╜Ср╝Мр╜Шр╜Бр╜Ур╝Мр╜гр╝Мр╜Рр╜┤р╜Вр╜жр╝Мр╜вр╛Чр╜║р╝Мр╜Жр╜║р╝М р╜Юр╜┤р╜ар╜▓р╜Ур╝Ор╜Ар╝Мр╜Цр╜ар╜▓р╝Мр╜Юр╜жр╝Мр╜Пр╜║р╝Мр╜Зр╜Шр╝Мр╜Шр╜┤р╝Мр╜Бр╝Мр╜Жр╜┤р╜гр╝Мр╜Ср╜Др╝Мр╜гр╝Мр╜Ср╛нр╜Вр╜жр╝Мр╜Ур╜жр╝Мр╜Ур╝Мр╜Вр╜Юр╜╝р╜Ур╝МтАж https://t.co/ZvDBXZRXCF
62,2019-10-25 14:32:15,2682.0,534.0,Twitter Web App,р╜ар╜Ср╜▓р╝Мр╜гр╜╝р╝Мр╜ир╝Мр╜Вр╜жр╛Яр╝Мр╜Ур╜Др╝Мр╜ар╜Ыр╜╝р╜Шр╝Мр╜вр╝Мр╜Вр╜╝р╜Др╝Мр╜бр╜╝р╜Вр╝Мр╜Вр╜Йр╜▓р╜жр╝Мр╜Ар╜ар╜▓р╝Мр╜Рр╜Вр╝Мр╜Жр╜Ср╝Мр╜гр╜║р╜Ур╝Мр╜Шр╜Бр╜Ур╝Мр╜Цр╜╝р╝Мр╜гр╝Мр╜Цр╜Ср╜║р╜Ур╝Мр╜Ф р╝Мр╜Ср╜Фр╜гр╝Мр╜вр╛Фр╜Шр╝Мр╜Ър╜╝р╜вр╝Мр╜Цр╛▒р╜жр╝Мр╜Ср╜Др╝Мр╜Зр╜Шр╝Мр╜Шр╜┤р╝Мр╜Бр╝Мр╜Жр╜┤р╜гр╝Мр╜Ср╜Др╝Мр╜гр╝Мр╜Ср╛нр╜Вр╜жр╝Мр╜Ар╛▒р╜▓р╝Мр╜Шр╜▓р╝МтАж https://t.co/MkHSVWffRB
63,2019-10-25 14:32:14,586.0,148.0,Twitter Web App,р╜Др╜ар╜▓р╝Мр╜Зр╜Шр╝Мр╜Шр╜┤р╝Мр╜Бр╝Мр╜Жр╜┤р╜гр╝Мр╜Ср╜Др╝Мр╜гр╝Мр╜Ср╛нр╜Вр╜жр╝Мр╜Ар╛▒р╜▓р╝Мр╜вр╛Тр╛▒р╜гр╝Мр╜Бр╝Мр╜гр╜║р╜Ур╝Мр╜Шр╜Бр╜Ур╝Мр╜ар╜Рр╜┤р╜жр╝Мр╜Шр╜▓р╝Мр╜Ар╜┤р╜Ур╝Мр╜гр╝Мр╜Цр╜Ар╛▓р╝Мр╜др╜▓р╜жр╝Мр╜Цр╜Ср╜║р╝Мр╜гр╜║р╜Вр╜жр╝Мр╜Юр╜┤р╜ар╜▓р╜Ур╝О р╜ар╜Ср╜▓р╝Мр╜Ур╜Др╝Мр╜Ур╜жр╝Мр╜Ур╝Мр╜Вр╜Юр╜╝р╜Ур╝Мр╜ар╜Вр╜╝р╝Мр╜жр╛Рр╛▒р╜╝р╜Др╝Мр╜Шр╜Др╝Мр╜Фр╜╝тАж https://t.co/T0UD0lzhRW
64,2019-10-25 14:32:14,532.0,151.0,Twitter Web App,р╜Др╝Мр╜Шр╜Др╝Мр╜жр╛Яр╜║р╜ар╜Др╝Мр╜ар╜Рр╜Ср╝Мр╜Фр╜╝р╝Мр╜ар╜Цр╛▒р╜┤р╜Др╝Мр╝НBDC р╜ар╜Ср╜║р╜Шр╝Мр╜Цр╜жр╛Рр╜╝р╝Мр╜Цр╜╝р╝Мр╜Зр╜Шр╝Мр╜Шр╜┤р╝Мр╜Бр╝Мр╜Жр╜┤р╜гр╝Мр╜Ср╜Др╝Мр╜гр╝Мр╜Ср╛нр╜Вр╜жр╝Мр╜Ур╜Др╝Мр╜Юр╜▓р╝Мр╜Цр╜Ср╜║р╝Мр╜Ър╜┤р╜гр╝Мр╜гр╝Мр╜жр╜╝р╜Др╝Мр╝Н р╜Вр╜Др╝Мр╜Ср╜┤р╝Мр╜бр╜Др╝Мр╜Вр╜Ур╜жр╝Мр╜гр╜┤р╜Вр╜жр╝Мр╜Яр╜┤р╜вр╝Мр╜Фр╜╝р╝Мр╜бр╜▓р╝Мр╜ВтАж https://t.co/yp6SNJrRAp
65,2019-10-25 14:32:13,570.0,159.0,Twitter Web App,"BDC р╜ар╜Ср╜║р╜Шр╝Мр╜Цр╜жр╛Рр╜╝р╝Мр╜ар╜Ср╜▓р╝Мр╜Яр╛│р╝Мр╜Цр╜ар╜▓р╝Мр╜Ър╜║р╜жр╝М24  р╜Юр╜Вр╝Мр╜гр╝Мр╜жр╜╝р╜Др╝Мр╜Ур╜жр╝Мр╜бр╜▓р╜Ур╝Н
р╜Ар╝Мр╜Ур╜Др╝Мр╜Ср╜┤р╝Мр╜гр╜╝р╝Мр╜вр╛Тр╛▒р╜┤р╜жр╝Мр╜Ур╜Др╝Мр╜Ср╜┤р╝Мр╜Ср╜Фр╜║р╝Мр╜гр╜┤р╜жр╝Мр╜Цр╛▒р╜жр╝Мр╜Ар╛▒р╜▓р╝Мр╜вр╛Тр╛▒р╝Мр╜Рр╜╝р╜Вр╝Мр╜Ур╜Др╝Мр╜Ср╜Вр╜┤р╝Мр╜Цр╜Ер╜┤р╝Мр╜Вр╜╝р╝Мр╜Ср╜Вр╜┤р╝МтАж https://t.co/RAz315lilo"
66,2019-10-25 14:32:13,6180.0,961.0,Twitter Web App,р╜Вр╜Ур╜жр╝Мр╜Ър╜┤р╜гр╝Мр╜Ар╝Мр╜Цр╜╝р╝Мр╜гр╝Мр╜вр╛Тр╛▒р╝Мр╜Вр╜вр╝Мр╜бр╜╝р╜Др╜жр╝Мр╜Ар╛▒р╜▓р╝Мр╜Шр╜▓р╝Мр╜Шр╜Др╝Мр╜Ар╜┤р╜Ур╝Мр╜Вр╛▒р╜▓р╜жр╝Мр╜Ср╜Фр╜гр╝Мр╜вр╛Фр╜Шр╝Мр╜Ср╜Др╝Мр╜Шр╜Йр╜Шр╝Мр╜Фр╜╝р╝Мр╜Ср╜Др╜╝р╜жр╝Мр╜гр╜║р╜Ур╝Мр╜Шр╜Ыр╜Ср╝Мр╜Ар╛▒р╜▓р╜Ур╝Мр╜бр╜▓р╜Ур╝Мр╜Ур╜╝р╝О1947 р╜Ур╜ж р╜Ср╝Мр╜Цр╜вр╝Мр╜ар╜Вр╜╝р╝Мр╜Шр╝Мр╜вр╜Др╝Мр╜Зр╜Шр╝МтАж https://t.co/Yeij3JCeD3
67,2019-10-25 14:31:26,2648.0,520.0,Twitter Web App,┘Е█М┌║ ╪м┘Е┘И┌║ ┘И ┌й╪┤┘Е█М╪▒ ┌й█Т ╪│┘Д╪│┘Д█Т ┘Е█М┌║ ╪з█М┌й ┘Е╪▒╪к╪и█Б ┘╛┌╛╪▒ ┘╛╪з╪▒┘╣█М ┘Д╪з╪ж┘Ж ╪│█Т █Б┘╣ ┌й╪▒ ╪к┘Е╪з┘Е ╪з╪▒╪з┌й█М┘Ж ┘╛╪з╪▒┘Д█М┘Е┘Ж┘╣ ┌й┘И ╪з┘Ж ┌й█Т ╪з╪│ ╪к╪з╪▒█М╪о█М ┘Б█М╪╡┘Д█Т ┌й█Т ┘Д╪ж█Т ┘Е╪и╪з╪▒┌й╪и╪з╪п ┘╛█М╪┤ ┌й╪▒╪к╪з █Б┘И┌║█Ф
68,2019-10-25 14:31:25,3091.0,580.0,Twitter Web App,╪и┌╛╪з╪▒╪к ┌й█М ┘╛╪з╪▒┘Д█М┘Е┘Ж┘╣ ┌й█Т ╪░╪▒█М╪╣█Б ┘Д█М█Т ┌п╪ж█Т ╪з╪│ ┘Б█М╪╡┘Д█Т ┌й█Т ╪╖┘Б█М┘Д ┘Ж┘И╪м┘И╪з┘Ж ╪з┘И╪▒ ╪к┘И╪з┘Ж╪з╪ж█М ╪│█Т ╪и┌╛╪▒┘╛┘И╪▒ ┘Ж┘Е╪з╪ж┘Ж╪п┌п╪з┘Ж ╪м┘Е┘И┌║ ┘И ┌й╪┤┘Е█М╪▒ ┌й█Т ┘╛┘И╪▒█Т ╪о╪╖█ТтАж https://t.co/Prsajy7GX6
69,2019-10-25 14:30:46,4668.0,933.0,Twitter Web App,"рднрд╛рд░рддреАрдп рд╕рдВрд╕рдж рджреЗ рдлреИрд╕рд▓реЗ рд▓реЗрдИ, рдУрджрд╛ рдзрдиреНрдирд╡рд╛рдж, рдиреМрдЬрд╡рд╛рди рддреЗ рдКрд░реНрдЬрд╛рд╡рд╛рди рдкреНрд░рддрд┐рдирд┐рдзреА, рдЬрдореНрдореВ-рдХрд╢рдореАрд░ рджреЗ рд╕рдмреНрдмрдиреЗрдВ рдЗрд▓рд╛рдХреЗрдВ рдЪ рд╡рд┐рдХрд╛рд╕ рдЪ рддреЗрдЬреАтАж https://t.co/88v4fiwKq3"
70,2019-10-25 14:30:46,4618.0,932.0,Twitter Web App,"рднрд╛рд░рдд рджреА рд╕рдВрд╕рдж рдЧреА, рдЗрд╕ рдмрд░реИ рдЕрдЧрд╕реНрдд рдЪ рд▓реИрддреЗ рджреЗ рдЕрдкрдиреЗ рдРрддрд┐рд╣рд╛рд╕рд┐рдХ рдлреИрд╕рд▓реЗ рдкрд░ рдЧрд░реНрд╡ рдР, рдЬреЗрд╣рджреЗ рдХрдиреНрдиреИ рдЬрдореНрдореВ-рдХрд╢реНрдореАрд░ рджреЗ рд▓реЛрдХ рдЕрдкрдиреЗ рд▓реЛрдХрддрд╛рдВтАж https://t.co/3V20jJvan8"
71,2019-10-25 14:30:46,1181.0,311.0,Twitter Web App,"рдореИрдВ рдЙрдиреЗрдВ рд╕рдмреНрдмрдиреЗ рдЧреА рдореБрдмрд╛рд░рдХрдмрд╛рдж рджрд┐рдиреНрдирд╛, рдЬрд┐рдиреЗрдВ рдЬрдореНрдореВ, рдХрд╢рдореАрд░, рд▓реЗрд╣ рддреЗ рд▓рджреНрджрд╛рдЦ рдЪ BDC рдЪреБрд╡рд╛рд╡ рдЪ рдЬрд┐рддреНрдд рд╣рд╛рд╕рд┐рд▓ рдХреАрддреА, рдПрд╣рджреЗ рдХрдиреНрдиреИ,тАж https://t.co/YWGxE0WO4z"
72,2019-10-25 14:30:45,1273.0,332.0,Twitter Web App,"рдорд┐рдЧреА рдПрд╣ рджрд╕реНрд╕рдиреЗ рдЪ рдмрдбреА рдЦреБрд╢реА рдР рдЬреЗ рдЬрдореНрдореВ, рдХрд╢реНрдореАрд░, рд▓реЗрд╣ рддреЗ рд▓рджреНрджрд╛рдЦ рдЪ BDC рдЪреБрдирд╛рд╡ рдмрдбрд╝реЗ рд╢рд╛рдВрддрд┐рдкреВрд░реНрдг рдврдВрдЧреИ рдХрдиреНрдиреИ рд╕рдореНрдкрдиреНрди рд╣реЛрдПред рдХреЛрдИтАж https://t.co/I4aZL63jLc"
73,2019-10-25 14:30:45,15648.0,2443.0,Twitter Web App,"рдЦрдмрд░, рдЬреЗрд╣рдбреА рд╣рд░ рдЗрдХ рднрд╛рд░рдд рд╡рд╛рд╕реА рд▓реЗрдИ рдЧрд░реНрд╡ рдХрд░рдиреЗ рдЖрд▓реА рдР 1947 рджреЗ рдмрд╛рдж рдкреИрд╣рд▓реА рдмрд╛рд░реА, 24 рдЕрдХреНрддреВрдмрд░ рдЧреА рдЬрдореНрдореВ, рдХрд╢реНрдореАрд░, рд▓реЗрд╣ рддреЗ рд▓рджреНрджрд╛рдЦ рдЪтАж https://t.co/Ts0Vo3Flrv"
74,2019-10-25 14:29:52,842.0,212.0,Twitter Web App,┘Е█М┌║ ╪з┘Ж ╪к┘Е╪з┘Е ╪з┘Б╪▒╪з╪п ┌й┘И ┘Е╪и╪з╪▒┌й╪и╪з╪п ╪п█М╪к╪з █Б┘И┌║ ╪м┘И ╪м┘Е┘И┌║╪М ┌й╪┤┘Е█М╪▒╪М ┘Д█М█Б█Б ╪з┘И╪▒ ┘Д╪п╪з╪о ╪и┌╛╪▒ ┘Е█М┌║ ╪и┘Д╪з┌й ╪к╪▒┘В█М╪з╪к█М ┌й┘И┘Ж╪│┘Д ╪з┘Ж╪к╪о╪з╪и╪з╪к ┘Е█М┌║ ┘Б╪к╪н█М╪з╪итАж https://t.co/WGiK6BqXsy
75,2019-10-25 14:29:52,763.0,200.0,Twitter Web App,╪з╪│ ╪│█Т ╪з╪│ ╪з┘Е╪▒ ┌й╪з ╪╕╪з█Б╪▒ █Б┘И╪к╪з █Б█Т ┌й█Б ╪╣┘И╪з┘Е ╪м┘Е█Б┘И╪▒█М╪к ┘Е█М┌║ ┘╛╪о╪к█Б █М┘В█М┘Ж ╪▒┌й┌╛╪к█Т █Б█М┌║ ╪│╪з╪к┌╛ █Б█М ╪│╪з╪к┌╛ █М█Б ╪и┌╛█М ╪╕╪з█Б╪▒ █Б┘И╪к╪з █Б█Т ┌й█Б ┘И█Б ╪и┘Ж█М╪з╪п█МтАж https://t.co/WWIPn4a8dG
76,2019-10-25 14:29:52,708.0,181.0,Twitter Web App,┘Е╪м┌╛█Т █М█Б ╪│╪з╪м┌╛╪з ┌й╪▒╪к█Т █Б┘И╪ж█Т ╪з╪▓ ╪н╪п ╪о┘И╪┤█М █Б┘И╪▒█Б█М █Б█Т ┌й█Б ╪м┘Е┘И┌║ ╪М ┌й╪┤┘Е█М╪▒╪М ┘Д█М█Б█Б ╪М ┘Д╪п╪з╪о ┘Е█М┌║ ╪и┘Д╪з┌й ╪к╪▒┘В█М╪з╪к█М ┌й┘И┘Ж╪│┘Д ╪з┘Ж╪к╪о╪з╪и╪з╪к ╪з╪▓╪н╪п ┘╛╪▒ ╪з┘ЕтАж https://t.co/198fCglkGa
77,2019-10-25 14:29:51,766.0,176.0,Twitter Web App,310 ╪и┘Д╪з┌й┘И┌║ ┘Е█М┌║ 1080 ╪│█Т ╪▓╪з╪ж╪п ╪з┘Е█М╪п┘И╪з╪▒╪з┘Ж ┘Е█М╪п╪з┘Ж ╪з┘Ж╪к╪о╪з╪и ┘Е█М┌║ ╪к┌╛█Т█Ф
78,2019-10-25 14:29:51,9721.0,1366.0,Twitter Web App,█М█Б ╪о╪и╪▒ █Б╪▒ █Б┘Ж╪п┘И╪│╪к╪з┘Ж█М ┌й█Т ┘Д╪ж█Т ╪и╪з╪╣╪л ┘Б╪о╪▒ █Б█Т! 1947 ╪│█Т ┘Д█Т ┌й╪▒ ╪з╪и ╪к┌й ┌й█М ┘Е╪п╪к ┘Е█М┌║ ┘╛█Б┘Д█М ┘Е╪▒╪к╪и█Б ╪м┘Е┘И┌║ ╪М ┌й╪┤┘Е█М╪▒╪М ┘Д█М█Б█Б ╪з┘И╪▒ ┘Д╪п╪з╪о ┘Е█М┌║ 2тАж https://t.co/qg2Q6n57ii
79,2019-10-25 14:08:21,24029.0,3555.0,Twitter Web App,"Let us make this Diwali about lighting the lamp of happiness in the lives of others.

Let us make thisтАж https://t.co/iIZ3gYt5x0"
80,2019-10-25 12:05:06,67908.0,7890.0,Twitter for iPhone,"рдзрдирддреЗрд░рд╕ рдХреЗ рд╢реБрдн рдЕрд╡рд╕рд░ рдкрд░ рд╕рдорд╕реНрдд рджреЗрд╢рд╡рд╛рд╕рд┐рдпреЛрдВ рдХреЛ рд╣рд╛рд░реНрджрд┐рдХ рдмрдзрд╛рдИред

Greetings on the special occasion of Dhanteras."
81,2019-10-25 08:18:43,11688.0,1756.0,Twitter for iPhone,Dilipbhai Parikh made a mark in the world of industry and public service. He worked for the people of Gujarat withтАж https://t.co/Ow3BCzRWtV
82,2019-10-25 07:00:51,6632.0,1504.0,Twitter Web App,"Thanks to the decisions of the Indian Parliament, young and dynamic representatives will shape the destiny of the pтАж https://t.co/PoBC9x4A8m"
83,2019-10-25 07:00:50,14115.0,2627.0,Twitter Web App,"It would make IndiaтАЩs Parliament proud that due to their historic decision in August this year, the people of J&amp;K hтАж https://t.co/nJKyysjMCj"
84,2019-10-25 06:59:53,12755.0,2241.0,Twitter Web App,"I congratulate all those who have emerged victorious in the BDC polls across Jammu, Kashmir, Leh and Ladakh. 

ThisтАж https://t.co/sH0AwsPF4K"
85,2019-10-25 06:59:10,16393.0,2897.0,Twitter Web App,"I am delighted to share that the BDC polls in Jammu, Kashmir, Leh and Ladakh were conducted in a very peaceful mannтАж https://t.co/CzIsjiXibA"
86,2019-10-25 06:58:39,36915.0,7144.0,Twitter Web App,"News that would make every Indian proud!┬а

For the first time since 1947, Block Development Council elections wereтАж https://t.co/WRdqhwEwWM"
87,2019-10-24 14:04:29,14992.0,2920.0,Periscope,"At the BJP HQ, addressing Party Karyakartas. https://t.co/CDPzz8RUwR"
88,2019-10-24 13:01:23,38842.0,5523.0,Twitter Web App,People of Maharashtra have blessed the NDA with immense affection. We are humbled to have got the peopleтАЩs supportтАж https://t.co/6sfsVjZyyS
89,2019-10-24 13:00:26,28625.0,4398.0,Twitter Web App,I thank the people of Haryana for blessing us. We will continue to work with the same zeal and dedication for the sтАж https://t.co/SJQ5crW2va
90,2019-10-24 11:12:48,13059.0,2609.0,Periscope,Interacting with BJP Karyakartas from Varanasi. Watch. https://t.co/QtyQxqXp1P
91,2019-10-24 11:10:25,23666.0,2660.0,Twitter Web App,I will be addressing @BJP4India Karyakartas from Varanasi in a short while from now. Do watch.
92,2019-10-23 14:56:55,24607.0,2736.0,Twitter Web App,Congratulations to President Kais Saied on being sworn-in as the President of the Republic of Tunisia. I look forwaтАж https://t.co/TXOpK7K8Vo
93,2019-10-22 14:35:36,63207.0,8170.0,Twitter Web App,"Moments with Mr. Kissinger, former Prime Ministers Tony Blair and John Howard, Ms. Condoleezza Rice and Mr. RobertтАж https://t.co/hzlIWy5ZNZ"
94,2019-10-22 14:34:05,20510.0,2648.0,Twitter Web App,Great discussions with former British PM Tony Blair. He has made a long lasting contribution to his nation and hasтАж https://t.co/qEI1z7nx2d
95,2019-10-22 14:32:41,26952.0,3177.0,Twitter Web App,Glad to have met Dr. Henry Kissinger. He has made pioneering contributions to international politics and diplomacy. https://t.co/fhLFfi9i5U
96,2019-10-22 14:31:49,14790.0,2566.0,Twitter Web App,"Very good interaction with the JP Morgan International Council, an illustrious gathering of top policy makers, thinтАж https://t.co/CB6ZiNRp2y"
97,2019-10-22 13:21:13,32272.0,3592.0,Twitter Web App,"Congratulations @JustinTrudeau! 

India and Canada are connected by shared values and a strong commitment to democrтАж https://t.co/AqjhVKotH2"
98,2019-10-22 06:35:10,58183.0,7042.0,Twitter Web App,Excellent meeting with Nobel Laureate Abhijit Banerjee. His passion towards human empowerment is clearly visible. WтАж https://t.co/pJfEv6sEr5
99,2019-10-22 05:18:02,19190.0,3572.0,Twitter for iPhone,"IndiaтАЩs Nari Shakti epitomises talent and tenacity, determination and dedication. 

Our ethos has always taught usтАж https://t.co/hLyzsYxjvz"
100,2019-10-22 02:30:19,17866.0,2955.0,Twitter for iPhone,24 рдЕрдХреНрдЯреВрдмрд░ рдХреЛ рдореИрдВ рдЕрдкрдиреЗ рд╕рдВрд╕рджреАрдп рдХреНрд╖реЗрддреНрд░ рд╡рд╛рд░рд╛рдгрд╕реА рдХреЗ рдХрд╛рд░реНрдпрдХрд░реНрддрд╛рдУрдВ рд╕реЗ рд╕рдВрд╡рд╛рдж рдХрд░реВрдВрдЧрд╛ред рдЗрд╕рдореЗрдВ рд╢рд╛рдорд┐рд▓ рд╣реЛрдиреЗ рдХреЗ рд▓рд┐рдП рдореИрдВ рдЕрдкрдиреЗ рд╕рднреАтАж https://t.co/W6cWZ0UixS
101,2019-10-22 02:04:41,55027.0,8188.0,Twitter for iPhone,"рдХрд░реНрдорда, рдЕрдиреБрднрд╡реА, рдХреБрд╢рд▓ рд╕рдВрдЧрдардирдХрд░реНрддрд╛ рдПрд╡рдВ рдордВрддреНрд░рд┐рдордВрдбрд▓ рдореЗрдВ рдореЗрд░реЗ рд╕рд╣рдпреЛрдЧреА рдЕрдорд┐рдд рд╢рд╛рд╣ рдЬреА рдХреЛ рдЬрдиреНрдорджрд┐рди рдХреА рдвреЗрд░реЛрдВ рд╢реБрднрдХрд╛рдордирд╛рдПрдВред рд╕рд░рдХрд╛рд░ рдореЗрдВтАж https://t.co/jz4bPj7o7K"
102,2019-10-21 16:28:36,10409.0,1843.0,Twitter for iPhone,Had a great interaction with the US India Strategic Partnership Forum. Talked about IndiaтАЩs strides in the world ofтАж https://t.co/YVgKHrvk7w
103,2019-10-21 06:03:40,5266.0,876.0,Twitter for iPhone,"Selamat kepada Presiden @jokowi atas permulaan masa jabatan Presiden kedua kalinya di Indonesia, tetangga dekat marтАж https://t.co/VPWkAGHotK"
104,2019-10-21 04:23:55,17838.0,2458.0,Twitter Web App,"Heartiest congratulations to President @jokowi on the commencement of his second Presidential term in Indonesia, ouтАж https://t.co/34tHKO5n1T"
105,2019-10-21 03:06:22,9282.0,1632.0,Twitter for iPhone,"Last year, the National Police Memorial was dedicated to the nation. This Memorial is a place of inspiration and grтАж https://t.co/AWspyDS4lL"
106,2019-10-21 03:05:59,19866.0,2946.0,Twitter for iPhone,"We salute our police forces, their families and remember with pride those brave police personnel martyred in the liтАж https://t.co/QhJzFj9Fgr"
107,2019-10-21 01:32:05,20229.0,3293.0,Twitter for iPhone,Elections are taking place for Haryana and Maharashtra assemblies. There are also by-polls taking place in variousтАж https://t.co/w6QFDYsR2N
108,2019-10-21 01:31:33,32913.0,4061.0,Twitter for iPhone,рд╣рд░рд┐рдпрд╛рдгрд╛ рд╡рд┐рдзрд╛рдирд╕рднрд╛ рдЪреБрдирд╛рд╡ рдХреЗ рд▓рд┐рдП рдЖрдЬ рдорддрджрд╛рди рдХрд╛ рджрд┐рди рд╣реИред рд╕рднреА рдорддрджрд╛рддрд╛рдУрдВ рд╕реЗ рдореЗрд░рд╛ рдЕрдиреБрд░реЛрдз рд╣реИ рдХрд┐ рд╡реЗ рдЕрдкрдирд╛ рд╡реЛрдЯ рдЬрд░реВрд░ рдбрд╛рд▓реЗрдВ рдФрд░ рд▓реЛрдХрддрдВтАж https://t.co/ib0M1V7YrW
109,2019-10-21 01:31:18,21331.0,3410.0,Twitter for iPhone,"рдЖрдЬ рдорд╣рд╛рд░рд╛рд╖реНрдЯреНрд░рд╛рдЪреА рдЬрдирддрд╛ рдкреБрдвреАрд▓ рдкрд╛рдЪ рд╡рд░реНрд╖реЗ рдХреЛрдгрд╛рд▓рд╛ рд╕рд░рдХрд╛рд░ рдЪрд╛рд▓рд╡рд┐рдгреНрдпрд╛рдЪреА рд╕рдВрдзреА рджреНрдпрд╛рдпрдЪреА рд╣реЗ рдард░рд╡рд┐рдгрд╛рд░ рдЖрд╣реЗрдд.

 рддреЗрд╡реНрд╣рд╛ рдорд╣рд╛рд░рд╛рд╖реНрдЯреНрд░рд╛рддреАтАж https://t.co/VR29UUJjSl"
110,2019-10-20 16:21:32,14470.0,2305.0,Twitter for iPhone,"Thank you @Actor_Vivek! 

Respect for nature is a key part of our ethos. Nature manifests divinity and greatness.тАж https://t.co/SCUVnkYCEg"
111,2019-10-20 16:21:03,19158.0,3340.0,Twitter for iPhone,"Glad to be expressing myself in the worldтАЩs oldest language, which has nurtured a vibrant culture. 

The Tamil langтАж https://t.co/724cZtCPhV"
112,2019-10-20 16:19:45,7772.0,1024.0,Twitter for iPhone,Thank you! https://t.co/DDPOqRnnmh
113,2019-10-20 15:28:06,20544.0,2743.0,Twitter for iPhone,"Released the book, тАШBridgital Nation: Solving TechnologyтАЩs People ProblemтАЩ written by N. Chandrasekaran and Roopa PтАж https://t.co/uqc5LkQiVR"
114,2019-10-20 04:31:30,24922.0,5768.0,Twitter for iPhone,Here is a Tamil translation of the poem I wrote while I was at the picturesque shores of Mamallapuram a few days agтАж https://t.co/tXy74KjOW5
115,2019-10-20 04:30:30,35227.0,4475.0,Twitter for iPhone,"When every citizen works Dil Se, the outcome will be exceptional.┬а

We will leave no stone unturned to carry forwarтАж https://t.co/1bd92UFKZK"
116,2019-10-20 04:29:58,16096.0,1658.0,Twitter for iPhone,"Happy to have interacted with you!

Let us work together to make Gandhi 150 a super hit.┬а@taran_adarsh https://t.co/uIUsbZIMfI"
117,2019-10-20 04:28:58,7891.0,1207.0,Twitter for iPhone,"Keep up the good work, @RajkumarHirani. 

The coming generations will remember your stupendous role in spreading thтАж https://t.co/lqPqhWNIEZ"
118,2019-10-20 04:27:03,16614.0,1719.0,Twitter for iPhone,Happy to have met you Varun. Best wishes for your future endeavours. @varunsharma90 https://t.co/uJRn0x0UAv
119,2019-10-20 04:26:24,15720.0,2040.0,Twitter for iPhone,"Through popular culture, the message of empowering women has travelled far and wide. May this trend continue.

MayтАж https://t.co/OjIqzKZt45"
120,2019-10-20 04:24:48,10555.0,1288.0,Twitter for iPhone,"Lovely indeed!

Had the wonderful opportunity to interact with @sonamakapoor yesterday. 

Best wishes to your entirтАж https://t.co/dlYf3OljUp"
121,2019-10-20 04:22:12,16142.0,1639.0,Twitter for iPhone,Yes it does! Individual efforts can pave the way for transformative outcomes. @Rakulpreet https://t.co/CcNWlrJbq7
122,2019-10-20 04:21:24,13171.0,1447.0,Twitter for iPhone,"Films connect and make our society better.┬а

Happy to have met you,┬а@itsBhushanKumar. https://t.co/siTK0nwHbq"
123,2019-10-20 04:19:58,35415.0,3181.0,Twitter for iPhone,"рдмрд╣реБрдд-рдмрд╣реБрдд рдзрдиреНрдпрд╡рд╛рдж @KapilSharmaK9 рдЬреАред

рдкреВрдЬреНрдп рдмрд╛рдкреВ рдХреЗ рд╡рд┐рдЪрд╛рд░реЛрдВ рдХреЗ рдкреНрд░рдЪрд╛рд░-рдкреНрд░рд╕рд╛рд░ рдореЗрдВ рдлрд┐рд▓реНрдо рдФрд░ рдордиреЛрд░рдВрдЬрди рдЬрдЧрдд рдХреА рднреВрдорд┐рдХрд╛ рд╕реЗтАж https://t.co/JCCfyc1j0n"
124,2019-10-19 16:15:01,55119.0,6961.0,Twitter Web App,"Our film and entertainment industry is diverse and vibrant. 

Its impact internationally is also immense. 

Our filтАж https://t.co/sKuOY6CxXM"
125,2019-10-19 16:07:41,21488.0,3404.0,Twitter Web App,"Spreading the thoughts of Mahatma Gandhi through cinema, ensuring more youngsters are well-acquainted with the ideaтАж https://t.co/eJLTfH8KO7"
126,2019-10-19 15:34:04,26819.0,6241.0,Twitter Media Studio,"The film fraternity comes together to pay tributes to Mahatma Gandhi!

#ChangeWithin is an excellent effort, whichтАж https://t.co/uimmrnlFwk"
127,2019-10-19 11:08:21,11801.0,1973.0,Twitter Web App,"Glimpses from today's rallies in Sirsa and Rewari. 

I am confident the people of Haryana will bless the BJP yet agтАж https://t.co/t1ihBs0oic"
128,2019-10-19 11:02:08,9257.0,2011.0,Twitter Media Studio,"Ever heard of anything тАШtemporaryтАЩ lasting 7 decades?

Misdeeds of Congress in Kashmir eroded the Sufi tradition ofтАж https://t.co/AhoH9V5Xuo"
129,2019-10-19 11:00:41,9169.0,1819.0,Twitter Media Studio,рд╣рдореЗрдВ рдЕрдкрдиреА рд╕реИрдиреНрдп рд╢рдХреНрддрд┐ рдФрд░ рдкреБрд▓рд┐рд╕рдХрд░реНрдорд┐рдпреЛрдВ рдХреА рдмрд╣рд╛рджреБрд░реА рдкрд░ рд╣рдореЗрд╢рд╛ рдЧрд░реНрд╡ рд░рд╣рд╛ рд╣реИред рдпрд╣реА рдХрд╛рд░рдг рд╣реИ рдХрд┐ рд╣рдорд╛рд░реА рд╕рд░рдХрд╛рд░ рдиреЗ рдЙрдирдХреЗ рдХрд▓реНрдпрд╛рдгтАж https://t.co/lF7g2dg9fb
130,2019-10-19 11:00:26,9413.0,1855.0,Twitter Media Studio,"Six years ago, I had come to Rewari as the newly appointed PM candidate of my Party. That time I had made a set ofтАж https://t.co/wsjgdMTNG8"
131,2019-10-19 10:59:37,12509.0,2223.0,Twitter Media Studio,"рдЕрдкрдиреЗ рд╕реНрд╡рд╛рд░реНрде рдХреЗ рд▓рд┐рдП рд▓реЛрдЧреЛрдВ рдХреЛ рдмрд╛рдВрдЯрдирд╛, рдЙрдирдХрд╛ рдлрд╛рдпрджрд╛ рдЙрдард╛рдирд╛, рдХрд╛рдВрдЧреНрд░реЗрд╕ рдФрд░ рдЙрд╕рдХреЗ рдЬреИрд╕реЗ рджрд▓реЛрдВ рдХреА рдкреБрд░рд╛рдиреА рдЖрджрдд рд░рд╣реА рд╣реИред

рдЗрди рд▓реЛрдЧреЛрдВтАж https://t.co/awwc0szusF"
132,2019-10-19 10:59:06,8063.0,1592.0,Twitter Media Studio,Here is one thing I am very proud our Government has got the honour of doing. Have a look. https://t.co/5GqNIKSOjS
133,2019-10-19 09:01:05,12769.0,2432.0,Periscope,It is always special to be in Rewari. Watch my speech. https://t.co/bCbmheJemt
134,2019-10-19 06:32:52,11492.0,2159.0,Periscope,Sirsa is home to exceptional and warm-hearted people. ItтАЩs an honour to serve them. Watch from Ellenabad https://t.co/wKYJnODZce
135,2019-10-18 17:48:28,16783.0,2536.0,Twitter for iPhone,"Thank you Mumbai!

TodayтАЩs rally, like the others across Maharashtra, indicates the peopleтАЩs mood. 

We seek anotheтАж https://t.co/VSJyKkqUJa"
136,2019-10-18 15:52:44,17895.0,3058.0,Twitter Media Studio,"рд╣рдорд╛рд░реА рд╕рд░рдХрд╛рд░ рдХреЗ рдХрд╛рдо рдХрд░рдиреЗ рдХрд╛ рддрд░реАрдХрд╛ рд╣реИ- рд╣рдо рдЬреЛ рд╕рдВрдХрд▓реНрдк рд▓реЗрддреЗ рд╣реИрдВ, рдЙрд╕реЗ рд╕рд┐рджреНрдз рдХрд░рддреЗ рд╣реИрдВред 

#рдкреБрдиреНрд╣рд╛_рдЖрдгреВрдпрд╛_рдЖрдкрд▓реЗ_рд╕рд░рдХрд╛рд░тАж https://t.co/qbEQLm1dbw"
137,2019-10-18 15:50:47,11136.0,2244.0,Twitter Media Studio,"It is a dream of every Indian to have his or her own house. 

Our Government is ensuring that the dream of тАШHousingтАж https://t.co/SrdiKQoQQa"
138,2019-10-18 15:49:58,7398.0,1664.0,Twitter Media Studio,"Our focus is to create a nation of job creators. 

From the earlier burden of red tape, there is a red carpet for iтАж https://t.co/GkClGbylcZ"
139,2019-10-18 15:48:39,8007.0,1691.0,Twitter Media Studio,"Mumbai, a city that has contributed so much to our nation. 

This dynamic city, our financial capital is also homeтАж https://t.co/b8CWN5h5A4"
140,2019-10-18 14:39:02,10900.0,2215.0,Periscope,Addressing a rally in Mumbai. Watch my speech. https://t.co/AXtxPGJhrX
141,2019-10-18 13:24:25,31508.0,3011.0,Twitter for iPhone,"Reached Mumbai. About to address a rally in this vibrant city. 

HereтАЩs a photo of the spectacular sky while on theтАж https://t.co/ujrUg3VZr6"
142,2019-10-18 11:06:30,6846.0,1487.0,Twitter for iPhone,"Great fervour in Gohana and Hisar. 

The mood on the ground favours the development oriented policies of BJP. 

HarтАж https://t.co/o1uUjgf7Tv"
143,2019-10-18 11:00:54,6996.0,1523.0,Twitter Media Studio,"рд╕реЛрдиреАрдкрдд рдХреЛ рдЙрджреНрдпрдо рдФрд░ рдЙрджреНрдпрдорд┐рдпреЛрдВ рдХрд╛ рд╣рдм рдмрдирд╛рдиреЗ рдХрд╛ рдкреНрд░рдпрд╛рд╕ рдЬрд╛рд░реА рд╣реИред

рдЗрд╕рд▓рд┐рдП рдЖрдзреБрдирд┐рдХ рдЗрдиреНрдлреНрд░рд╛рд╕реНрдЯреНрд░рдХреНрдЪрд░ рдХрд╛ рдирд┐рд░реНрдорд╛рдг рддреЗрдЬ рдЧрддрд┐ рд╕реЗ рд╣реЛтАж https://t.co/KW1OvOaIgj"
144,2019-10-18 10:59:22,12019.0,2509.0,Twitter Media Studio,"рдПрдХ рддрд░рдл рджрд░реНрдж, рджреВрд╕рд░реА рддрд░рдл рд╣рдорджрд░реНрдж!

рдпреЗ рд╣реИ рдХрд╛рдВрдЧреНрд░реЗрд╕ рдХреА рдХрд╣рд╛рдиреАтАж рднрд╛рд░рддреАрдп рд╕реЗрдирд╛ рдХрд╛ рдЕрдкрдорд╛рди рдХрд░реЛ, рдЙрдирдХрд╛ рдордЬрд╛рдХ рдЙрдбрд╝рд╛рдУ рдФрд░ рдЙрдиреНрд╣реАрдВ рдХреЗ рджрд╛тАж https://t.co/b90DXw0DQe"
145,2019-10-18 10:57:12,8426.0,1745.0,Twitter Media Studio,"рд╕реЛрдиреАрдкрдд рдХрд╛ рдорддрд▓рдм рд╣реА рд╣реИ: рдХрд┐рд╕рд╛рди, рдЬрд╡рд╛рди рдФрд░ рдкрд╣рд▓рд╡рд╛рди!

рд▓реЛрдХрд╕рднрд╛ рдЪреБрдирд╛рд╡реЛрдВ рдореЗрдВ рд╕реЛрдиреАрдкрдд рдФрд░ рд╣рд░рд┐рдпрд╛рдгрд╛ рдиреЗ рдмрдбрд╝реЗ-рдмрдбрд╝реЛрдВ рдХрд╛ рдЕрд╣рдВрдХрд╛рд░ рдорд┐рдЯреНрдЯреАтАж https://t.co/wPlvgQVcOZ"
146,2019-10-18 10:55:47,7035.0,1464.0,Twitter Media Studio,рдХрд░реНрдорда рдХрд┐рд╕рд╛рдиреЛрдВ рдХреЗ рдХрд▓реНрдпрд╛рдг рдХреЗ рд▓рд┐рдП рд╣рдо рдкреНрд░рддрд┐рдмрджреНрдз рд╣реИрдВред https://t.co/yzvNktF4uR
147,2019-10-18 10:54:23,9922.0,1921.0,Twitter Media Studio,"рдЖрдЬ рд╣рд░рд┐рдпрд╛рдгрд╛ рдореЗрдВ рдЕрдЧрд░ рднрд╛рдЬрдкрд╛ рдХреЗ рдкрдХреНрд╖ рдореЗрдВ рдЕрднреВрддрдкреВрд░реНрд╡ рд╕рдорд░реНрдерди рджрд┐рдЦ рд░рд╣рд╛ рд╣реИ, рддреЛ рдЙрд╕рдХреЗ рдкреАрдЫреЗ 5 рд╡рд░реНрд╖реЛрдВ рдХреЗ рд╣рдорд╛рд░реЗ рдХрд╛рдо рднреА рд╣реИрдВ рдФрд░ рд╣рдорд╛тАж https://t.co/X1QzQ1sbXC"
148,2019-10-18 09:09:08,8689.0,1875.0,Periscope,"Talking about the BJPтАЩs development agenda in Hisar, Haryana. Have a look. https://t.co/NEmwiMEYCl"
149,2019-10-18 07:25:01,12926.0,2533.0,Periscope,Speaking at a massive rally in Gohana. Watch. https://t.co/5voDRUh8ed
150,2019-10-17 17:27:13,12603.0,2094.0,Twitter for iPhone,"Humbled by the affection in Pune, a city of immense energy and vibrancy. 

It is the place from where several sociaтАж https://t.co/jzJTlVuHPL"
151,2019-10-17 17:23:30,29148.0,5527.0,Twitter Media Studio,I kept saying that those who looted the poor will be punished for their misdeeds. That time opposition leaders mockтАж https://t.co/kBf1lw9lqw
152,2019-10-17 17:16:25,17744.0,3229.0,Twitter Media Studio,"рдЬрд┐рддрдиреА рдмрдбрд╝реА рдЕрд░реНрдерд╡реНрдпрд╡рд╕реНрдерд╛ рд╣реЛрдЧреА, рдЙрддрдиреА рддреЗрдЬреА рд╕реЗ рд╣рдо рдЧрд░реАрдмреА рдХреЛ рд╣рд░рд╛ рдкрд╛рдПрдВрдЧреЗред

рдЬрд┐рддрдиреА рдмрдбрд╝реА рдЕрд░реНрдерд╡реНрдпрд╡рд╕реНрдерд╛ рд╣реЛрдЧреА, рдЙрддрдиреА рд╣реА рддреЗрдЬреА рд╕реЗ рдотАж https://t.co/tic3YFJOeY"
153,2019-10-17 17:16:03,11822.0,2528.0,Twitter Media Studio,"The decisions on Articles 370 and 35(A) will:

Further integration.

Boost inclusion.

Begin industrial growth forтАж https://t.co/MCflDPgqD0"
154,2019-10-17 14:01:24,22450.0,2955.0,Twitter for iPhone,Prayed at the Shree Vaijnath Jyotirling Devsthan in Parli. Feeling blessed. ЁЯЩПЁЯП╝ https://t.co/8wc4dEV0xo
155,2019-10-17 13:48:26,9597.0,1884.0,Twitter for iPhone,"Beed and Satara have showered me with immense affection! 

TodayтАЩs rallies in these two places were memorable. ElabтАж https://t.co/5lBWn4dfDH"
156,2019-10-17 13:43:36,8254.0,1841.0,Twitter Media Studio,"рд╣рдордиреЗ рдЕрдкрдиреА рдХрд╛рд░реНрдпрд╢рдХреНрддрд┐ рдХреЗ рджрдо рдкрд░, рдЬрдореАрди рдкрд░ рдЬрдирд╣рд┐рдд-рдЬрдирдХрд▓реНрдпрд╛рдг рдХреЗ рдХрд╛рд░реНрдпрдХреНрд░рдо рдЙрддрд╛рд░реЗ рдФрд░ рдХрд╛рдВрдЧреНрд░реЗрд╕-рдПрдирд╕реАрдкреА рдЕрдкрдиреА рд╕реНрд╡рд╛рд░реНрдерд╢рдХреНрддрд┐ рдХреА рд╡рдЬтАж https://t.co/CQ6RjPP4Wo"
157,2019-10-17 13:41:43,15697.0,2690.0,Twitter Media Studio,"рдЖрдЬ рдЬрдм рдмреАрдб рдЖрдпрд╛ рд╣реВрдВ рддреЛ рдореБрдЭреЗ рдореЗрд░реЗ рдорд┐рддреНрд░ рдЧреЛрдкреАрдирд╛рде рдореБрдВрдбреЗ рдЬреА рдХреА рдмрд╣реБрдд рдпрд╛рдж рдЖрдИред 

рдЪрд╛рд╣реЗ рдХрдиреЗрдХреНрдЯрд┐рд╡рд┐рдЯреА рд╣реЛ рдпрд╛ рдкрд░реНрдпрдЯрди рдХреЛ рдмрдврд╝рд╛рд╡рд╛ рджреЗтАж https://t.co/AoRxpM9l2y"
158,2019-10-17 13:37:14,15828.0,2911.0,Twitter Media Studio,"рдмреАрддреЗ 5 рд╡рд░реНрд╖ рдЕрдЧрд░ рдШрд░, рдЧреИрд╕, рдмрд┐рдЬрд▓реА, рд╢реМрдЪрд╛рд▓рдп рдЬреИрд╕реА рд╡реНрдпрд╡рд╕реНрдерд╛ рдХреЗ рд▓рд┐рдП рдереЗ, рддреЛ рдЖрдиреЗ рд╡рд╛рд▓реЗ 5 рд╡рд░реНрд╖реЛрдВ рдХрд╛ рд╕рдмрд╕реЗ рдмрдбрд╝рд╛ рд╕рдВрдХрд▓реНрдк рд╣рдордиреЗ рдкрд╛рдиреАтАж https://t.co/sRI1D9qejn"
159,2019-10-17 12:48:54,11959.0,2451.0,Periscope,Euphoric atmosphere here in Pune. Watch my speech. https://t.co/0aqGrxCWsP
160,2019-10-17 10:35:27,15261.0,3032.0,Periscope,We are working tirelessly to fulfil the dreams of Shivaji Maharaj. Watch from Satara. https://t.co/dZm6XO9tfq
161,2019-10-17 06:59:14,12919.0,2530.0,Periscope,The bond between Beed and BJP can never be broken! Watch from Parli. https://t.co/d1kA2xjHVu
162,2019-10-17 06:22:06,4394.0,660.0,Twitter for iPhone,╪г╪┤╪╣╪▒ ╪и╪з┘Д┘В┘Д┘В ╪е╪▓╪з╪б ╪о╪и╪▒ ╪н╪з╪п╪л ╪н╪з┘Б┘Д╪й ┘В╪▒╪и ┘Е┘Г╪й ┘Б┘К ╪з┘Д┘Е┘Е┘Д┘Г╪й ╪з┘Д╪╣╪▒╪и┘К╪й ╪з┘Д╪│╪╣┘И╪п┘К╪й. ╪г┘В╪п┘Е ┘И╪з╪м╪и ╪з┘Д╪╣╪▓╪з╪б ┘Д╪г╪│╪▒ ╪з┘Д╪░┘К┘Ж ┘Б┘В╪п┘И╪з ╪н┘К╪з╪к┘З┘Е. ┘И╪г╪п╪╣┘И ╪з┘Д╪┤┘Б╪з╪б ╪з┘Д╪╣╪з╪м┘Д ┘Д┘Д╪м╪▒╪н┘Й.
163,2019-10-17 03:46:05,34052.0,4467.0,Twitter for iPhone,"Extremely adorable! 

Do convey my blessings to young Nihal. Wishing him the very best, in whatever he seeks to do.тАж https://t.co/in2tuAfimg"
164,2019-10-17 03:28:07,22561.0,2958.0,Twitter for iPhone,Anguished by the news of a bus crash near Mecca in Saudi Arabia. Condolences to the families of those who lost theiтАж https://t.co/dL5bZQEuzg
165,2019-10-16 15:09:17,20479.0,3675.0,Twitter Media Studio,Congress and NCP gave a free hand to the real estate mafia. The NDA has always protected those who suffered due toтАж https://t.co/R4FqZaB1jZ
166,2019-10-16 15:08:23,8923.0,1729.0,Twitter Media Studio,Harnessing the blue economy for MaharashtraтАШs and IndiaтАЩs progress. https://t.co/I8ibnNXsFA
167,2019-10-16 15:06:20,15591.0,2293.0,Twitter for iPhone,"Thank you Panvel! TodayтАЩs rally was excellent, with people from all walks of life joining the programme. https://t.co/vSzxFhU5Ft"
168,2019-10-16 12:56:18,9092.0,1775.0,Twitter for iPhone,"Different places, same spirit, same vibrancy! 

Have a look at these pictures from todayтАЩs rallies in Akola and JalтАж https://t.co/PktGcez5mn"
169,2019-10-16 12:51:59,10264.0,2035.0,Twitter Media Studio,"рднрд╛рдЬрдкрд╛ рдФрд░ рдорд╣рд╛рдпреБрддрд┐ рдХреА рд╕рд░рдХрд╛рд░ рдиреЗ рдЬреЛ рднреА рдпреЛрдЬрдирд╛рдПрдВ рдмрдирд╛рдИ рд╣реИрдВ, рд╡реЛ рд╕рд░реНрд╡рд╡реНрдпрд╛рдкреА рд╣реИрдВ, рд╕рд░реНрд╡рд╕рдорд╛рд╡реЗрд╢реА рд╣реИрдВ, рд╕рдмрдХрд╛ рднрд▓рд╛ рдХрд░рдиреЗ рд╡рд╛рд▓реА рд╣реИрдВред https://t.co/czDkSATEuh"
170,2019-10-16 12:50:26,11001.0,2006.0,Twitter Media Studio,"рд╣рдорд╛рд░рд╛ рд╕рдкрдирд╛ - рд╕реВрдЦрд╛рдореБрдХреНрдд рднрд╛рд░рдд, рд╕реВрдЦрд╛рдореБрдХреНрдд рдЬрд╛рд▓рдирд╛ред https://t.co/iVSKFDYygj"
171,2019-10-16 12:49:05,7325.0,1569.0,Twitter Media Studio,"рдорд░рд╛рдард╡рд╛рдбрд╝рд╛ рд╕реЗ рдХрд╛рдВрдЧреНрд░реЗрд╕ рдХреЗ рдХрдИ рдореБрдЦреНрдпрдордВрддреНрд░реА рд╣реБрдП, рд▓реЗрдХрд┐рди рдкрд╛рд░реНрдЯреА рдиреЗ рд╣рдореЗрд╢рд╛ рдЗрд╕ рдХреНрд╖реЗрддреНрд░ рдХреЛ рдЙрдкреЗрдХреНрд╖рд┐рдд рд░рдЦрд╛ред 

рдпрд╣ рдПрдирдбреАрдП рд╣реИ, рдЬрд┐рд╕рдиреЗтАж https://t.co/7smzKfsXJm"
172,2019-10-16 12:48:14,13920.0,2815.0,Twitter Media Studio,Congress finally admits- it needs lessons in nationalism! https://t.co/nKqGRV683b
173,2019-10-16 11:05:18,13015.0,2605.0,Periscope,Top INC-NCP leaders are going to be defeated! People want NDA again. Watch from Panvel. https://t.co/Pg94tkLUs2
174,2019-10-16 07:54:09,12669.0,2374.0,Periscope,People in Jalna are happy with the work of the NDA Government. TheyтАЩll vote for us again! Watch. https://t.co/FZkeBmtyrk
175,2019-10-16 05:55:12,16192.0,3043.0,Periscope,Come to Akola to see the wide support for BJP! https://t.co/ZJYrotIr1L
176,2019-10-16 02:39:00,19678.0,2245.0,Twitter for iPhone,"рмУрмбрм┐рм╢рм╛рм░ рморнБрмЦрнНрнЯрмормирнНрмдрнНрм░рнА рм╢рнНрм░рнА рмирммрнАрми рмкрмЯрнНрмЯрмирм╛рнЯрмХрмЬрнАрмЩрнНрмХрнБ  рмЬрмирнНрмо рмжрм┐рмирм░ рм╢рнБрмнрнЗрмЪрнНрмЫрм╛ ред рмдрм╛рмЩрнНрмХрм░ рмжрнАрм░рнНрмШ рмУ рмирм┐рм░рм╛рморнЯ рмЬрнАрммрми рмХрм╛рмормирм╛ рмХрм░рнБрмЫрм┐ ред

GreetiтАж https://t.co/XyfkNovEz2"
177,2019-10-15 15:17:52,11024.0,2176.0,Twitter Media Studio,"рд╕реНрд╡рд░реЛрдЬрдЧрд╛рд░ рдХреЛ рдмрдврд╝рд╛рд╡рд╛ рджреЗрдиреЗ рдХреЗ рд▓рд┐рдП рд╕рд░рдХрд╛рд░ рд╣рд░ рдкреНрд░рдпрд╛рд╕ рдХрд░ рд░рд╣реА рд╣реИред рдЗрд╕рдХреА рд╡рдЬрд╣ рд╕реЗ, рд╡рд┐рд╢реЗрд╖ рддреМрд░ рдкрд░ рдЯреВрд░рд┐рдЬреНрдо рдХреЗ рдХреНрд╖реЗрддреНрд░ рдореЗрдВ рдпреБрд╡рд╛рдУрдВтАж https://t.co/JaARqu4xQV"
178,2019-10-15 15:17:43,10360.0,2053.0,Twitter Media Studio,"рд░рд╛рд╖реНрдЯреНрд░рд╣рд┐рдд рдореЗрдВ, рд╣рд░рд┐рдпрд╛рдгрд╛ рдХреЗ рд╣рд┐рдд рдореЗрдВ рдЬреЛ рднреА рдЙрдЪрд┐рдд рд╣реЛрдЧрд╛, рдЙрд╕рдХреЗ рд▓рд┐рдП рд╣рдо рдбрдВрдХреЗ рдХреА рдЪреЛрдЯ рдкрд░ рдлреИрд╕рд▓реЗ рд▓реЗрдВрдЧреЗред https://t.co/3Okaa1GzQG"
179,2019-10-15 15:17:31,25265.0,4415.0,Twitter Media Studio,"рдЬрдм-рдЬрдм, рдЬрд┐рд╕-рдЬрд┐рд╕ рдмрд╛рдд рдХреЛ рд▓реЗрдХрд░ рджреЗрд╢ рдЦреБрд╢ рд╣реЛрддрд╛ рд╣реИ, рдЙрд╕-рдЙрд╕ рдмрд╛рдд рдХреЛ рд▓реЗрдХрд░ рдХрд╛рдВрдЧреНрд░реЗрд╕ рдХреЗ рдиреЗрддрд╛рдУрдВ рдХреЛ рддрдХрд▓реАрдл рд╣реЛрдиреЗ рд▓рдЧрддреА рд╣реИред https://t.co/Z6359t1zAy"
180,2019-10-15 15:17:20,13288.0,2516.0,Twitter Media Studio,"Through the power of their vote, the people of Haryana will give a befitting reply to Congress for giving priorityтАж https://t.co/A2rqa97pRJ"
181,2019-10-15 15:16:19,7658.0,1639.0,Twitter Media Studio,"Haryana's Nari Shakti is excelling in all fields.

The Central Government and Haryana Government are undertaking nuтАж https://t.co/rnH1dNvCGY"
182,2019-10-15 15:15:20,7155.0,1503.0,Twitter Web App,"Campaigned in Dadri and Kurukshetra.┬а

These pictures indicate the strong support for @BJP4Haryana.┬а

People from aтАж https://t.co/y7mEWUx3NN"
183,2019-10-15 09:26:09,13515.0,2608.0,Periscope,Speaking in Kurukshetra. Watch my speech. https://t.co/WP4yQh7jqk
184,2019-10-15 07:19:06,14105.0,2738.0,Periscope,The mood in Haryana favours BJPтАЩs development agenda. Watch from Dadri. https://t.co/fhuFkvBmVz
185,2019-10-15 02:53:56,8781.0,1898.0,Twitter for iPhone,"This monthтАЩs #MannKiBaat will take place on 27th October, which is also the day of Diwali. 

Share your inputs forтАж https://t.co/SFRaL9qKWD"
186,2019-10-15 02:50:48,10326.0,2329.0,Twitter for iPhone,"An important milestone in the journey of creating a healthy India!

It would make every Indian proud that in a yearтАж https://t.co/5Y5TUYCVVM"
187,2019-10-15 02:48:24,10478.0,1404.0,Twitter for iPhone,Birthday wishes to @DrMNPandeyMP Ji. He is working tirelessly to enhance skill development opportunities for IndiaтАЩтАж https://t.co/55o9IMPNTM
188,2019-10-15 02:47:46,12271.0,1690.0,Twitter for iPhone,"Greetings to @naqvimukhtar Ji on his birthday. Naqvi Ji has always been a hardworking leader, who has served the PaтАж https://t.co/c0ZOJ45uIs"
189,2019-10-15 02:46:51,35228.0,6939.0,Twitter Media Studio,рдбреЙ. рдПрдкреАрдЬреЗ рдЕрдмреНрджреБрд▓ рдХрд▓рд╛рдо рдЬреА рдХреЛ рдЙрдирдХреА рдЬрдпрдВрддреА рдкрд░ рд╡рд┐рдирдореНрд░ рд╢реНрд░рджреНрдзрд╛рдВрдЬрд▓рд┐ред рдЙрдиреНрд╣реЛрдВрдиреЗ 21рд╡реАрдВ рд╕рджреА рдХреЗ рд╕рдХреНрд╖рдо рдФрд░ рд╕рдорд░реНрде рднрд╛рд░рдд рдХрд╛ рд╕рдкрдирд╛ рджреЗтАж https://t.co/3x0rYbrUWD
190,2019-10-14 16:51:25,25668.0,2995.0,Twitter for iPhone,"Earlier today, had a very good meeting with King Willem-Alexander and Queen Maxima of the Netherlands. We had extenтАж https://t.co/sLVSH2vpue"
191,2019-10-14 14:59:31,18596.0,3325.0,Twitter Media Studio,рд╣рд░рд┐рдпрд╛рдгрд╛ рдореЗрдВ рд╕рд░рдХрд╛рд░реА рднрд░реНрддреА рдХрд╛ рдорддрд▓рдм рдкрд╣рд▓реЗ рд╣реЛрддрд╛ рдерд╛- рд░рд┐рд╢реНрд╡рддрдЦреЛрд░реА рдФрд░ рдпреБрд╡рд╛рдУрдВ рд╕реЗ рд▓реВрдЯред рдиреМрдХрд░рд┐рдпреЛрдВ рдХреЗ рд▓рд┐рдП рдЬрд┐рддрдиреЗ рддрд░рд╣ рдХреЗ рдЦреЗрд▓ рд╣реЛрддреЗтАж https://t.co/9ctBbb8BkY
192,2019-10-14 14:58:15,12859.0,2608.0,Twitter Media Studio,"рджреЗрд╢ рдХреА рд░рд╛рдп рд╕рд╛рдл рд╣реИред рдЕрдм рд╕рд┐рд░реНрдл рд╡рд┐рд░реЛрдз рдФрд░ рдкреНрд░рддрд┐рд░реЛрдз рдХреА рд░рд╛рдЬрдиреАрддрд┐ рдирд╣реАрдВ рдЪрд▓реЗрдЧреАред

рд╡рд┐рдХрд╛рд╕ рдХреА рд░рд╛рдЬрдиреАрддрд┐ рд╣реА рдЬрдирддрд╛ рдХреА рдкрд╕рдВрдж рд╣реИред https://t.co/uKux9SN5kD"
193,2019-10-14 14:57:59,12059.0,2344.0,Twitter Media Studio,рдЖрд░реНрдЯрд┐рдХрд▓ 370 рдХреЗ рдХрд╛рд░рдг рджрд▓рд┐рддреЛрдВ рдХреЗ рд╕рд╛рде рдЕрдиреНрдпрд╛рдп рд╣реЛ рд░рд╣рд╛ рдерд╛ред https://t.co/RyrzBhXr62
194,2019-10-14 14:55:54,12433.0,2763.0,Twitter Media Studio,"рдХреБрдЫ рд▓реЛрдЧ рдЖрд░реНрдЯрд┐рдХрд▓ 370 рдХреЗ рдлреИрд╕рд▓реЗ рдкрд░ рд╕рд╡рд╛рд▓ рдЙрдард╛ рд░рд╣реЗ рд╣реИрдВ, рд╡рд┐рджреЗрд╢реЛрдВ рдореЗрдВ рдЬрд╛рдХрд░ рдорджрдж рдорд╛рдВрдЧ рд░рд╣реЗ рд╣реИрдВред

рдЕрдЧрд░ рдЙрдирдХреЛ рдЖрд░реНрдЯрд┐рдХрд▓ 370 рдФрд░ 35 AтАж https://t.co/oT9TQvGzUz"
195,2019-10-14 14:55:05,10697.0,2176.0,Twitter Media Studio,"Five years ago, the Congress mocked us and asked- who is your captain in Haryana.┬а

Today, we not only have a captaтАж https://t.co/GIjkXh6Nnx"
196,2019-10-14 13:44:44,18154.0,1865.0,Twitter for iPhone,I also congratulate Esther Duflo and Michael Kremer for wining the prestigious Nobel.
197,2019-10-14 13:44:43,43994.0,5540.0,Twitter for iPhone,Congratulations to Abhijit Banerjee on being conferred the 2019 Sveriges Riksbank Prize in Economic Sciences in MemтАж https://t.co/5XfZ4BF1Os
198,2019-10-14 10:29:19,15407.0,2907.0,Periscope,Haryana supports BJPтАЩs development agenda. Watch from Ballabhgarh. https://t.co/iW6ZikirWI
199,2019-10-13 17:19:38,44569.0,8022.0,Twitter Media Studio,рд╡рд┐рдкрдХреНрд╖ рдХреЛ рдЪреБрдиреМрддреА рд╣реИ рдХрд┐ рдпрджрд┐ рд╣рд┐рдореНрдордд рд╣реИ рддреЛ рд╕реНрдкрд╖реНрдЯрддрд╛ рдХреЗ рд╕рд╛рде рджреЗрд╢ рдХреЗ рд╕рд╛рдордиреЗ рдЖрдП рдФрд░ рдЕрдкрдиреЗ рдШреЛрд╖рдгрд╛рдкрддреНрд░ рдореЗрдВ рдпреЗ рдРрд▓рд╛рди рдХрд░реЗ рдХрд┐ рд╡реЛ рдПрдХтАж https://t.co/u7zjw0p2x4
